residual_std_batch_step,beta_mean_step,step,val_bias_scaled,need_mean,got_mean,residual_std_batch_epoch,beta_mean_epoch,beta_min,beta_max,top1_period,val_loss,epoch,beta_min_epoch,beta_max_epoch,train_loss_epoch,residual_std_batch,beta_min_step,beta_max_step,train_loss_step
0.05467149242758751,0.699999988079071,0,,,,,,,,,,,,,,,,,
0.026804067194461823,0.699999988079071,1,,,,,,,,,,,,,,,,,
0.03731393441557884,0.699999988079071,2,,,,,,,,,,,,,,,,,
0.062390539795160294,0.699999988079071,3,,,,,,,,,,,,,,,,,
0.14611126482486725,0.699999988079071,4,,,,,,,,,,,,,,,,,
,,29,-0.060605455189943314,-0.014627096243202686,-0.07524414360523224,0.0654582604765892,0.699999988079071,0.699999988079071,0.699999988079071,24.0,0.7175046801567078,0,,,,,,,
,,29,,,,,0.7000004053115845,,,24.0,,0,0.7000004053115845,0.7000004053115845,23.191734313964844,,,,
,0.699999988079071,49,,,,,,,,,,1,,,,0.12989003956317902,0.699999988079071,0.699999988079071,0.3530040383338928
0.05467149242758751,0.699999988079071,5,,,,,,,,,,,,,,,,,
0.026804067194461823,0.699999988079071,6,,,,,,,,,,,,,,,,,
0.03731393441557884,0.699999988079071,7,,,,,,,,,,,,,,,,,
0.062390539795160294,0.699999988079071,8,,,,,,,,,,,,,,,,,
0.14611126482486725,0.699999988079071,9,,,,,,,,,,,,,,,,,
,,59,0.05585469678044319,-0.014627096243202686,0.04121856763958931,0.0654582604765892,0.699999988079071,0.699999988079071,0.699999988079071,24.0,1.0507972240447998,1,,,,,,,
