residual_std_batch_step,beta_mean_step,weekly_strength_mean_step,step,val_bias_scaled,need_mean,got_mean,residual_std_batch_epoch,beta_mean_epoch,beta_min,beta_max,weekly_strength_mean_epoch,top1_period,val_loss,epoch,beta_min_epoch,beta_max_epoch,train_loss_epoch
0.07619491219520569,0.4036993980407715,0.00616561621427536,0,,,,,,,,,,,,,,
0.04231857508420944,0.4000000059604645,0.0,1,,,,,,,,,,,,,,
0.055148281157016754,0.40356117486953735,0.0059352475218474865,2,,,,,,,,,,,,,,
0.08489304780960083,0.5013631582260132,0.16893859207630157,3,,,,,,,,,,,,,,
0.19185829162597656,0.5710403919219971,0.2850673198699951,4,,,,,,,,,,,,,,
,,,29,0.220729798078537,-0.03859464079141617,0.18208007514476776,0.09008262306451797,0.4559327960014343,0.4000130593776703,0.6344459652900696,0.09322135150432587,24.0,0.8816831707954407,0,,,
,,,29,,,,,0.4712166488170624,,,0.1186942532658577,24.0,,0,0.3999997675418854,0.993883490562439,10.06276798248291
