residual_std_batch_step,beta_mean_step,step,val_bias_scaled,need_mean,got_mean,residual_std_batch_epoch,beta_mean_epoch,beta_min,beta_max,top1_period,val_loss,epoch,beta_min_epoch,beta_max_epoch,train_loss_epoch,residual_std_batch,beta_min_step,beta_max_step,train_loss_step
0.05467149242758751,0.699999988079071,0,,,,,,,,,,,,,,,,,
0.026804067194461823,0.699999988079071,1,,,,,,,,,,,,,,,,,
0.03731393441557884,0.699999988079071,2,,,,,,,,,,,,,,,,,
0.062390539795160294,0.699999988079071,3,,,,,,,,,,,,,,,,,
0.14611126482486725,0.699999988079071,4,,,,,,,,,,,,,,,,,
,,29,0.1168900728225708,-0.014627096243202686,0.10226134955883026,0.0654582604765892,0.699999988079071,0.699999988079071,0.699999988079071,24.0,0.48612433671951294,0,,,,,,,
,,29,,,,,0.7000004053115845,,,24.0,,0,0.7000004053115845,0.7000004053115845,4.656817436218262,,,,
,0.699999988079071,49,,,,,,,,,,1,,,,0.11548885703086853,0.699999988079071,0.699999988079071,0.20985233783721924
0.05467149242758751,0.699999988079071,5,,,,,,,,,,,,,,,,,
0.026804067194461823,0.699999988079071,6,,,,,,,,,,,,,,,,,
0.03731393441557884,0.699999988079071,7,,,,,,,,,,,,,,,,,
0.062390539795160294,0.699999988079071,8,,,,,,,,,,,,,,,,,
0.14611126482486725,0.699999988079071,9,,,,,,,,,,,,,,,,,
,,59,0.10194097459316254,-0.014627096243202686,0.087310791015625,0.0654582604765892,0.699999988079071,0.699999988079071,0.699999988079071,24.0,0.47628527879714966,1,,,,,,,
